state,id,variable,mean,lci,uci
andhra pradesh,S86,nfhs3s_total,28.392044184793725,26.053412501009216,30.730675868578235
andhra pradesh,S88,nfhs3s_total,20.859129919663673,18.211642997967285,23.506616841360056
andhra pradesh,S14,nfhs3s_total,69.37101386380762,66.55704860719457,72.18497912042066
andhra pradesh,S16,nfhs3s_total,31.860584620045852,28.593987245789314,35.12718199430239
andhra pradesh,S20,nfhs3s_total,29.336885932242446,26.411264605829228,32.26250725865567
andhra pradesh,S20_rev,nfhs3s_total,70.66311406775755,67.73749274134433,73.58873539417077
andhra pradesh,S128,nfhs3s_total,2.788811382839328,1.926404261866576,3.65121850381208
andhra pradesh,S130,nfhs3s_total,0.052856270271876775,0.006091327695020507,0.09962121284873304
andhra pradesh,S15,nfhs3s_total,83.76450316820488,81.89683383083535,85.63217250557442
andhra pradesh,S17,nfhs3s_total,38.68118177480756,35.06553470400312,42.296828845612
andhra pradesh,S87,nfhs3s_total,26.676858627710832,24.734298103719027,28.619419151702637
andhra pradesh,S89,nfhs3s_total,14.679571652757955,12.96253940838285,16.396603897133062
andhra pradesh,S129,nfhs3s_total,40.97619445283474,38.396366190060874,43.55602271560861
andhra pradesh,S131,nfhs3s_total,41.42665827854227,39.11887121520304,43.734445341881504
andhra pradesh,S81,nfhs3s_total,30.80154157295596,27.780720218109927,33.82236292780199
andhra pradesh,S82,nfhs3s_total,22.19851102751211,19.81065239583088,24.58636965919335
andhra pradesh,S83,nfhs3s_total,10.844780012559166,8.716054416719432,12.9735056083989
andhra pradesh,S84,nfhs3s_total,29.7605578384507,26.229569880760295,33.29154579614111
andhra pradesh,S85,nfhs3s_total,3.5041319267765636,2.2639673650362804,4.744296488516847
andhra pradesh,S92,nfhs3s_total,64.46916171979491,60.557927475641094,68.38039596394873
andhra pradesh,S07,nfhs3s_total,90.11689615869327,88.26965924332944,91.96413307405707
andhra pradesh,S08,nfhs3s_total,94.73669796074667,92.51902752714028,96.95436839435305
andhra pradesh,S09,nfhs3s_total,22.923847013960895,18.928377340105484,26.919316687816302
andhra pradesh,S10,nfhs3s_total,31.62914579407029,26.474126551432185,36.784165036708394
andhra pradesh,S12,nfhs3s_total,4.022636433181268,2.0230892520466313,6.022183614315906
arunachal pradesh,S86,nfhs3s_total,42.95310238040725,39.5197572569956,46.3864475038189
arunachal pradesh,S88,nfhs3s_total,5.318552104073563,3.6071839895413524,7.029920218605773
arunachal pradesh,S14,nfhs3s_total,37.117104304043345,31.22108771237741,43.013120895709285
arunachal pradesh,S16,nfhs3s_total,15.152791657041668,10.495825737887785,19.80975757619555
arunachal pradesh,S20,nfhs3s_total,12.807674607538647,9.717806420737993,15.8975427943393
arunachal pradesh,S20_rev,nfhs3s_total,87.19232539246134,84.1024572056607,90.282193579262
arunachal pradesh,S128,nfhs3s_total,11.552959461721146,8.81660938254492,14.289309540897374
arunachal pradesh,S130,nfhs3s_total,9.866760654232436,6.529987498139494,13.20353381032538
arunachal pradesh,S15,nfhs3s_total,68.5211746708161,63.02505565791068,74.01729368372149
arunachal pradesh,S17,nfhs3s_total,31.386129526494333,25.334775603383335,37.43748344960533
arunachal pradesh,S87,nfhs3s_total,38.10011699281104,33.90803537914599,42.292198606476084
arunachal pradesh,S89,nfhs3s_total,5.0679107874329175,3.4013267609981273,6.734494813867707
arunachal pradesh,S129,nfhs3s_total,62.12061687856023,57.72769938710785,66.51353437001262
arunachal pradesh,S131,nfhs3s_total,38.70076096149541,33.24306529192164,44.158456631069186
arunachal pradesh,S81,nfhs3s_total,49.35422337550822,45.90665424157711,52.80179250943934
arunachal pradesh,S82,nfhs3s_total,32.057247511642004,28.855580658173285,35.258914365110726
arunachal pradesh,S83,nfhs3s_total,26.55915975157283,23.402332014511927,29.715987488633733
arunachal pradesh,S84,nfhs3s_total,56.0308141047871,52.34468229480525,59.716945914768935
arunachal pradesh,S85,nfhs3s_total,0.6217953547814751,0.21587636886028416,1.027714340702666
arunachal pradesh,S92,nfhs3s_total,70.22735766661661,66.70246190907373,73.7522534241595
arunachal pradesh,S07,nfhs3s_total,40.88377181217885,32.43016558005628,49.33737804430142
arunachal pradesh,S08,nfhs3s_total,56.4071307921841,50.01041314981853,62.80384843454967
arunachal pradesh,S09,nfhs3s_total,15.667422349419983,10.318526809217918,21.016317889622048
arunachal pradesh,S10,nfhs3s_total,10.524900210262766,5.636499966883743,15.41330045364179
arunachal pradesh,S12,nfhs3s_total,4.712252377491124,2.3574222754211904,7.067082479561057
assam,S86,nfhs3s_total,14.663778064578795,13.174531400900177,16.15302472825741
assam,S88,nfhs3s_total,13.240525370536568,11.65427728063034,14.826773460442796
assam,S14,nfhs3s_total,72.61787491656759,69.38724950188504,75.84850033125012
assam,S16,nfhs3s_total,33.77406385963732,30.119712203949895,37.42841551532475
assam,S20,nfhs3s_total,21.14116611745094,18.363634259907826,23.918697974994053
assam,S20_rev,nfhs3s_total,78.85883388254905,76.08130202500594,81.63636574009216
assam,S128,nfhs3s_total,39.62015168414915,36.74215478411769,42.49814858418062
assam,S130,nfhs3s_total,1.8472826565763076,1.2027112516239822,2.4918540615286333
assam,S15,nfhs3s_total,90.72537093094846,89.286642353634,92.16409950826292
assam,S17,nfhs3s_total,48.463233262235306,45.16072338780929,51.76574313666132
assam,S87,nfhs3s_total,16.106439127927455,14.575366518789979,17.63751173706493
assam,S89,nfhs3s_total,9.298746900020106,7.935388652422148,10.662105147618062
assam,S129,nfhs3s_total,69.90101019077933,67.96627307774905,71.83574730380961
assam,S131,nfhs3s_total,47.734748020016866,44.42240500126605,51.04709103876769
assam,S81,nfhs3s_total,35.57789851180605,32.65242614323497,38.50337088037713
assam,S82,nfhs3s_total,9.049439144715365,7.457372300388278,10.64150598904245
assam,S83,nfhs3s_total,13.186456987411042,10.92467516137288,15.4482388134492
assam,S84,nfhs3s_total,22.14563856173176,19.625162284664892,24.66611483879863
assam,S85,nfhs3s_total,2.258599054079064,1.3684756813776544,3.148722426780474
assam,S92,nfhs3s_total,40.92345681319783,38.0840490031227,43.76286462327297
assam,S07,nfhs3s_total,88.07258582716051,85.18633516045556,90.95883649386548
assam,S08,nfhs3s_total,55.27491994503648,48.79702879015405,61.752811099918915
assam,S09,nfhs3s_total,33.054699122968074,29.37409538435408,36.73530286158206
assam,S10,nfhs3s_total,34.936084490267646,29.97768003842312,39.89448894211217
assam,S12,nfhs3s_total,6.838725321046603,5.607258121659424,8.070192520433782
bihar,S86,nfhs3s_total,29.392153629186303,27.18089925274483,31.603408005627777
bihar,S88,nfhs3s_total,13.534440645054483,11.564011088520386,15.504870201588577
bihar,S14,nfhs3s_total,79.51435196946004,75.8725136664497,83.15619027247038
bihar,S16,nfhs3s_total,44.67139604078273,40.73495453111239,48.60783755045306
bihar,S20,nfhs3s_total,38.625813949437884,33.75949123903392,43.492136659841854
bihar,S20_rev,nfhs3s_total,61.374186050562116,56.507863340158146,66.2405087609661
bihar,S128,nfhs3s_total,1.1752510002791936,0.6379928125507044,1.7125091880076826
bihar,S130,nfhs3s_total,0.12954548037687044,-0.0036806225819403663,0.26277158333568124
bihar,S15,nfhs3s_total,93.4981893588009,91.53944162677254,95.45693709082926
bihar,S17,nfhs3s_total,60.94142042673892,56.57367953009273,65.30916132338511
bihar,S87,nfhs3s_total,29.68186993500443,26.163061180749985,33.20067868925887
bihar,S89,nfhs3s_total,10.98912575007753,8.463157885845334,13.515093614309725
bihar,S129,nfhs3s_total,40.934310447966396,37.06538621904653,44.803234676886255
bihar,S131,nfhs3s_total,31.13486893832334,27.926570214127466,34.343167662519214
bihar,S81,nfhs3s_total,38.536621233815794,34.55196952343161,42.52127294419998
bihar,S82,nfhs3s_total,19.405653666169208,15.96299778057545,22.848309551762963
bihar,S83,nfhs3s_total,15.93413144181463,12.491709736256725,19.376553147372537
bihar,S84,nfhs3s_total,36.46014613432957,32.3865937565537,40.53369851210544
bihar,S85,nfhs3s_total,1.0667869912081362,0.38342586144517665,1.7501481209710956
bihar,S92,nfhs3s_total,54.30255642823011,49.59121106941875,59.01390178704147
bihar,S07,nfhs3s_total,98.32106705337968,97.00567777013906,99.63645633662028
bihar,S08,nfhs3s_total,87.68233642569913,83.57121499251116,91.79345785888712
bihar,S09,nfhs3s_total,37.19721436422179,31.916934511910995,42.47749421653259
bihar,S10,nfhs3s_total,28.623255580497165,23.261393518875117,33.985117642119214
bihar,S12,nfhs3s_total,5.832192002192514,4.302403140319326,7.361980864065701
chhattisgarh,S86,nfhs3s_total,41.59776074257792,38.80235459391244,44.39316689124339
chhattisgarh,S88,nfhs3s_total,6.548700555093393,4.97441188664935,8.122989223537434
chhattisgarh,S14,nfhs3s_total,52.164136083338576,47.52421021042925,56.8040619562479
chhattisgarh,S16,nfhs3s_total,15.579285735267446,12.749338859565848,18.409232610969042
chhattisgarh,S20,nfhs3s_total,21.663885523405803,18.915064506919787,24.412706539891815
chhattisgarh,S20_rev,nfhs3s_total,78.3361144765942,75.5872934601082,81.08493549308022
chhattisgarh,S128,nfhs3s_total,31.405103422989832,28.56079578041128,34.24941106556839
chhattisgarh,S130,nfhs3s_total,7.310066020436771,4.102857516988886,10.517274523884657
chhattisgarh,S15,nfhs3s_total,73.98565836742343,70.05931523455882,77.91200150028801
chhattisgarh,S17,nfhs3s_total,26.07796400967521,21.951282041660082,30.20464597769033
chhattisgarh,S87,nfhs3s_total,34.99487796146782,31.82800156617933,38.16175435675632
chhattisgarh,S89,nfhs3s_total,6.1346752810255705,4.456382704619758,7.812967857431384
chhattisgarh,S129,nfhs3s_total,69.1855486485631,65.5889958404099,72.7821014567163
chhattisgarh,S131,nfhs3s_total,38.8490026384154,34.63196736828252,43.066037908548275
chhattisgarh,S81,nfhs3s_total,45.006150118367714,40.87893205727984,49.13336817945558
chhattisgarh,S82,nfhs3s_total,19.49231365219992,16.88814384140275,22.096483462997085
chhattisgarh,S83,nfhs3s_total,19.658738905149825,16.601312326906818,22.71616548339283
chhattisgarh,S84,nfhs3s_total,40.77397416252018,36.79573511686934,44.75221320817103
chhattisgarh,S85,nfhs3s_total,1.746571892945299,1.029585847169687,2.4635579387209106
chhattisgarh,S92,nfhs3s_total,65.35173092595991,61.34052495547525,69.36293689644458
chhattisgarh,S07,nfhs3s_total,48.60607998668158,43.09969338732784,54.112466586035325
chhattisgarh,S08,nfhs3s_total,78.46146755474254,73.26141312739472,83.66152198209038
chhattisgarh,S09,nfhs3s_total,16.89086419155536,13.022936104454134,20.75879227865659
chhattisgarh,S10,nfhs3s_total,9.802145096054524,6.3707093245532,13.233580867555848
chhattisgarh,S12,nfhs3s_total,1.8800275826310533,0.955963101508912,2.8040920637531945
delhi,S86,nfhs3s_total,14.878512448386239,12.531850224072688,17.22517467269979
delhi,S88,nfhs3s_total,26.385556300210645,23.201260604627592,29.569851995793694
delhi,S14,nfhs3s_total,77.26199474167912,73.55970853646483,80.96428094689341
delhi,S16,nfhs3s_total,53.202788170499915,47.460061782699434,58.945514558300395
delhi,S20,nfhs3s_total,24.08810260684923,19.957739849461696,28.218465364236767
delhi,S20_rev,nfhs3s_total,75.91189739315077,71.78153463576325,80.0422601505383
delhi,S128,nfhs3s_total,3.096304512325563,2.180510235828724,4.012098788822401
delhi,S130,nfhs3s_total,0.3745713638178078,0.13845620666312233,0.6106865209724933
delhi,S15,nfhs3s_total,90.04872043872652,87.52152662072325,92.57591425672979
delhi,S17,nfhs3s_total,56.81030409233937,51.068871447576036,62.5517367371027
delhi,S87,nfhs3s_total,15.443505411713767,12.729881409809607,18.157129413617927
delhi,S89,nfhs3s_total,17.894282837250056,14.8609049696145,20.92766070488561
delhi,S129,nfhs3s_total,40.708912893380315,36.68355161881489,44.73427416794575
delhi,S131,nfhs3s_total,33.90783764273263,30.784897682487944,37.03077760297732
delhi,S81,nfhs3s_total,42.132577182188925,38.164014881093024,46.101139483284825
delhi,S82,nfhs3s_total,15.368044790736349,11.595266656672688,19.14082292480001
delhi,S83,nfhs3s_total,20.52271213352637,16.933305923429064,24.112118343623674
delhi,S84,nfhs3s_total,26.05905997109562,21.90423297212932,30.21388697006192
delhi,S85,nfhs3s_total,3.9932588907922595,2.4839205752115503,5.502597206372969
delhi,S92,nfhs3s_total,57.05752119059431,52.4746177275101,61.640424653678515
delhi,S07,nfhs3s_total,99.33995684291064,98.87134830617607,99.8085653796452
delhi,S08,nfhs3s_total,99.76734235968225,99.3864694487707,100.1482152705938
delhi,S09,nfhs3s_total,65.69801807326826,59.696663670890715,71.6993724756458
delhi,S10,nfhs3s_total,80.79242151103487,76.04217292179428,85.54267010027547
delhi,S12,nfhs3s_total,14.42972178369958,11.902977491249207,16.956466076149958
goa,S86,nfhs3s_total,29.776495321921892,26.665414631377043,32.88757601246674
goa,S88,nfhs3s_total,12.744724548457942,10.317537142722708,15.171911954193176
goa,S14,nfhs3s_total,64.64983601714172,59.5290726131738,69.77059942110965
goa,S16,nfhs3s_total,33.46905724904741,27.70834379250565,39.22977070558916
goa,S20,nfhs3s_total,29.297905770355882,25.196371233318743,33.39944030739302
goa,S20_rev,nfhs3s_total,70.70209422964412,66.60055969260699,74.80362876668126
goa,S128,nfhs3s_total,5.391090034890812,4.021481661709229,6.760698408072395
goa,S130,nfhs3s_total,0.2025547002411511,0.046514160704422575,0.35859523977787966
goa,S15,nfhs3s_total,85.9597743479547,82.61329001816964,89.30625867773978
goa,S17,nfhs3s_total,44.487965946576466,38.24112713550409,50.73480475764885
goa,S87,nfhs3s_total,28.606568235577544,24.823818178466794,32.389318292688294
goa,S89,nfhs3s_total,8.503888337577747,6.146771377155435,10.861005298000059
goa,S129,nfhs3s_total,54.456670662932495,50.414720276289046,58.49862104957594
goa,S131,nfhs3s_total,39.9065759445697,36.28799878635077,43.525153102788636
goa,S81,nfhs3s_total,44.61709030884973,39.95861501493332,49.27556560276614
goa,S82,nfhs3s_total,19.031960060347767,16.28345360254774,21.780466518147794
goa,S83,nfhs3s_total,23.29589926606799,19.681703628211043,26.910094903924943
goa,S84,nfhs3s_total,38.063920120695535,33.57324055548614,42.55459968590494
goa,S85,nfhs3s_total,2.4017001495305244,1.2272019929646147,3.576198306096434
goa,S92,nfhs3s_total,60.79080956056562,56.00354925814711,65.57806986298412
goa,S07,nfhs3s_total,81.6599229253469,77.30159531451102,86.01825053618279
goa,S08,nfhs3s_total,87.69566950564067,82.92553680938637,92.46580220189496
goa,S09,nfhs3s_total,45.43869913010942,39.27156111408081,51.60583714613802
goa,S10,nfhs3s_total,36.372169890726155,28.49200471949034,44.252335061961965
goa,S12,nfhs3s_total,7.137153536292431,5.34872760883016,8.925579463754705
gujarat,S86,nfhs3s_total,36.73872625521495,34.23921592069251,39.23823658973739
gujarat,S88,nfhs3s_total,8.859502406419876,7.269624102042149,10.449380710797604
gujarat,S14,nfhs3s_total,36.19181818430123,31.068996952699212,41.31463941590325
gujarat,S16,nfhs3s_total,11.707257483164678,8.199258413121774,15.215256553207585
gujarat,S20,nfhs3s_total,17.155038055971065,14.776057125965684,19.534018985976452
gujarat,S20_rev,nfhs3s_total,82.84496194402894,80.46598101402355,85.22394287403432
gujarat,S128,nfhs3s_total,7.757480068994379,6.064241997158441,9.450718140830318
gujarat,S130,nfhs3s_total,0.2472993509178931,0.070076934387508,0.4245217674482782
gujarat,S15,nfhs3s_total,72.25481837000426,67.56893134669554,76.94070539331298
gujarat,S17,nfhs3s_total,25.383977967059995,20.37935991357149,30.388596020548498
gujarat,S87,nfhs3s_total,40.161374550821485,36.38312491385049,43.93962418779249
gujarat,S89,nfhs3s_total,6.876476415987762,5.128850910554488,8.624101921421037
gujarat,S129,nfhs3s_total,61.42278165467202,57.79243789398675,65.0531254153573
gujarat,S131,nfhs3s_total,19.312298775098224,16.260810227017803,22.363787323178645
gujarat,S81,nfhs3s_total,43.13756112153004,40.056541649326114,46.218580593733975
gujarat,S82,nfhs3s_total,21.009011119034394,18.438078756699856,23.579943481368932
gujarat,S83,nfhs3s_total,22.449619100448317,19.710680443990242,25.188557756906395
gujarat,S84,nfhs3s_total,40.12813360408495,36.89403290164591,43.362234306524
gujarat,S85,nfhs3s_total,1.605709860949016,0.9633794551603188,2.248040266737713
gujarat,S92,nfhs3s_total,69.35726356771654,66.43496827180307,72.27955886363002
gujarat,S07,nfhs3s_total,66.07034749124153,59.63940915312311,72.50128582935996
gujarat,S08,nfhs3s_total,82.61827829411605,77.71077190701561,87.52578468121649
gujarat,S09,nfhs3s_total,18.946661771256817,13.899560407330325,23.99376313518331
gujarat,S10,nfhs3s_total,20.73981974542721,14.363192607095659,27.116446883758762
gujarat,S12,nfhs3s_total,4.565851974795022,2.767501693801681,6.364202255788362
haryana,S86,nfhs3s_total,43.230995707661926,40.52944881574906,45.93254259957478
haryana,S88,nfhs3s_total,5.5509109331896695,3.997754738481038,7.104067127898301
haryana,S14,nfhs3s_total,44.8678685898733,40.25414979234798,49.481587387398605
haryana,S16,nfhs3s_total,12.29710508557693,8.868605580190552,15.72560459096331
haryana,S20,nfhs3s_total,15.077715367482503,12.583179203424589,17.572251531540417
haryana,S20_rev,nfhs3s_total,84.9222846325175,82.42774846845958,87.41682079657541
haryana,S128,nfhs3s_total,25.162480570149388,20.670260464918606,29.65470067538017
haryana,S130,nfhs3s_total,11.439813545276406,6.709335113440518,16.170291977112296
haryana,S15,nfhs3s_total,72.94233910161668,69.02447282552761,76.86020537770575
haryana,S17,nfhs3s_total,24.781928929900335,20.54541834101189,29.01843951878878
haryana,S87,nfhs3s_total,38.45594356692891,35.03008436665197,41.88180276720585
haryana,S89,nfhs3s_total,5.146398678812493,3.5673439390843735,6.725453418540613
haryana,S129,nfhs3s_total,69.06508378215017,65.7260498867944,72.40411767750594
haryana,S131,nfhs3s_total,52.90967343288937,49.137668388674186,56.681678477104555
haryana,S81,nfhs3s_total,52.71600386042103,49.365153957081816,56.066853763760264
haryana,S82,nfhs3s_total,19.47186102145812,16.83818892092393,22.10553312199231
haryana,S83,nfhs3s_total,24.54892098608993,21.94752304668735,27.150318925492506
haryana,S84,nfhs3s_total,47.01157935396472,43.841786390580204,50.181372317349236
haryana,S85,nfhs3s_total,1.3179018196681547,0.7406717354471235,1.895131903889186
haryana,S92,nfhs3s_total,71.1485819783438,67.98227637482333,74.31488758186428
haryana,S07,nfhs3s_total,74.09320550447488,68.69121809037318,79.49519291857658
haryana,S08,nfhs3s_total,78.36368014330115,72.840652530633,83.8867077559693
haryana,S09,nfhs3s_total,15.461556479586502,10.779022987655063,20.144089971517943
haryana,S10,nfhs3s_total,12.584424800363694,8.154428881977978,17.014420718749413
haryana,S12,nfhs3s_total,3.334075012110775,1.4118482349552393,5.2563017892663115
himachal pradesh,S86,nfhs3s_total,16.156847732587075,13.383691707699297,18.93000375747485
himachal pradesh,S88,nfhs3s_total,8.32391355944858,6.279502053601749,10.368325065295409
himachal pradesh,S14,nfhs3s_total,52.66292076139868,47.25637145931266,58.069470063484694
himachal pradesh,S16,nfhs3s_total,15.07874520209756,11.035387931658763,19.122102472536355
himachal pradesh,S20,nfhs3s_total,17.830461587708513,13.28052011277492,22.380403062642106
himachal pradesh,S20_rev,nfhs3s_total,82.16953841229149,77.6195969373579,86.71947988722508
himachal pradesh,S128,nfhs3s_total,27.30201255986755,23.548933231304343,31.05509188843076
himachal pradesh,S130,nfhs3s_total,33.63303283289069,28.005126569700256,39.260939096081124
himachal pradesh,S15,nfhs3s_total,77.25068422115213,73.13274545588686,81.36862298641738
himachal pradesh,S17,nfhs3s_total,21.985473113084762,16.813741935343373,27.157204290826147
himachal pradesh,S87,nfhs3s_total,15.546467092254183,12.322105600289621,18.770828584218744
himachal pradesh,S89,nfhs3s_total,7.523290807114471,5.448733069020884,9.597848545208057
himachal pradesh,S129,nfhs3s_total,62.87647229791199,58.11653724183618,67.6364073539878
himachal pradesh,S131,nfhs3s_total,61.152852718024185,54.95141397263872,67.35429146340965
himachal pradesh,S81,nfhs3s_total,43.295013227590474,39.30321400718077,47.28681244800018
himachal pradesh,S82,nfhs3s_total,15.016549517496111,11.612399238660508,18.420699796331714
himachal pradesh,S83,nfhs3s_total,21.963090539515985,18.744010533973853,25.18217054505812
himachal pradesh,S84,nfhs3s_total,32.34861270899885,27.834321518351608,36.862903899646085
himachal pradesh,S85,nfhs3s_total,3.4168132104827236,1.8878899600990373,4.945736460866409
himachal pradesh,S92,nfhs3s_total,56.94519978932713,51.328008022159445,62.56239155649481
himachal pradesh,S07,nfhs3s_total,75.70274807351909,67.54039052820164,83.86510561883654
himachal pradesh,S08,nfhs3s_total,83.36898605102513,76.00518342034346,90.7327886817068
himachal pradesh,S09,nfhs3s_total,47.799146436206144,40.740152038117,54.85814083429528
himachal pradesh,S10,nfhs3s_total,31.523506808092755,23.09395150730239,39.95306210888312
himachal pradesh,S12,nfhs3s_total,7.218114224099077,5.044570825136141,9.391657623062013
jammu and kashmir,S86,nfhs3s_total,33.39963237469021,30.92373700345673,35.8755277459237
jammu and kashmir,S88,nfhs3s_total,15.640303806087417,13.442898981874116,17.837708630300718
jammu and kashmir,S14,nfhs3s_total,49.59540448737042,46.00608740694,53.18472156780085
jammu and kashmir,S16,nfhs3s_total,21.611634585028717,18.73951553942799,24.483753630629444
jammu and kashmir,S20,nfhs3s_total,17.31718096485007,14.444843412732489,20.189518516967652
jammu and kashmir,S20_rev,nfhs3s_total,82.68281903514992,79.81048148303233,85.5551565872675
jammu and kashmir,S128,nfhs3s_total,5.160889969118804,3.801886651199471,6.519893287038137
jammu and kashmir,S130,nfhs3s_total,6.763350050466835,4.212895321772617,9.313804779161053
jammu and kashmir,S15,nfhs3s_total,70.74746810997044,67.90442248541511,73.59051373452576
jammu and kashmir,S17,nfhs3s_total,34.88770822485465,31.708406386050658,38.067010063658635
jammu and kashmir,S87,nfhs3s_total,30.593769173640045,28.40475025797766,32.78278808930243
jammu and kashmir,S89,nfhs3s_total,13.816629442721478,12.0429936359459,15.59026524949706
jammu and kashmir,S129,nfhs3s_total,44.06316180315401,41.697223826564105,46.429099779743915
jammu and kashmir,S131,nfhs3s_total,47.472815494475036,44.42779253031663,50.517838458633435
jammu and kashmir,S81,nfhs3s_total,42.59007894556511,39.310290562465546,45.86986732866468
jammu and kashmir,S82,nfhs3s_total,12.282188209410787,10.347460736242061,14.216915682579511
jammu and kashmir,S83,nfhs3s_total,18.638882680401213,16.057171259784944,21.220594101017483
jammu and kashmir,S84,nfhs3s_total,32.54092413199461,29.443425529079942,35.63842273490928
jammu and kashmir,S85,nfhs3s_total,2.2080401699472763,1.1476618409724844,3.268418498922068
jammu and kashmir,S92,nfhs3s_total,70.68528081132118,67.514840331977,73.85572129066534
jammu and kashmir,S07,nfhs3s_total,90.35088151495366,88.17788075007434,92.52388227983297
jammu and kashmir,S08,nfhs3s_total,94.53362716309671,92.35335247231912,96.7139018538743
jammu and kashmir,S09,nfhs3s_total,31.50857810558764,27.274218547171802,35.742937664003485
jammu and kashmir,S10,nfhs3s_total,30.730095857838307,25.933931785221365,35.526259930455254
jammu and kashmir,S12,nfhs3s_total,3.7303944549180965,2.3681378818968044,5.092651027939388
jharkhand,S86,nfhs3s_total,14.19734226259624,11.768169169506628,16.626515355685857
jharkhand,S88,nfhs3s_total,10.599760509440022,8.389787041659257,12.80973397722079
jharkhand,S14,nfhs3s_total,94.00344459998684,90.4526127982321,97.55427640174159
jharkhand,S16,nfhs3s_total,27.486441918386323,22.550741815020526,32.42214202175212
jharkhand,S20,nfhs3s_total,22.63065636197228,17.523514517270147,27.737798206674412
jharkhand,S20_rev,nfhs3s_total,77.36934363802771,72.26220179332557,82.47648548272984
jharkhand,S128,nfhs3s_total,60.82155379445727,56.24444072344974,65.3986668654648
jharkhand,S130,nfhs3s_total,0.672249288263818,0.24828019740722376,1.0962183791204123
jharkhand,S15,nfhs3s_total,93.05812566204605,89.30103037195727,96.81522095213484
jharkhand,S17,nfhs3s_total,28.414398338849946,23.100989223894487,33.727807453805404
jharkhand,S87,nfhs3s_total,9.250100318787881,7.299022132647826,11.201178504927936
jharkhand,S89,nfhs3s_total,11.501560031759576,8.660787536219496,14.342332527299655
jharkhand,S129,nfhs3s_total,83.65660494443536,80.58624173219367,86.72696815667705
jharkhand,S131,nfhs3s_total,41.30390959452404,37.385058672027924,45.222760517020156
jharkhand,S81,nfhs3s_total,39.796265976357006,33.865656966148784,45.72687498656522
jharkhand,S82,nfhs3s_total,8.966835591840846,6.526316251125447,11.407354932556245
jharkhand,S83,nfhs3s_total,17.76514239321947,13.907343275844578,21.622941510594366
jharkhand,S84,nfhs3s_total,19.972618151970504,16.493977510398,23.451258793543012
jharkhand,S85,nfhs3s_total,4.249426340554364,2.4739850458856756,6.024867635223052
jharkhand,S92,nfhs3s_total,43.64234185934903,38.36004553788538,48.924638180812686
jharkhand,S07,nfhs3s_total,92.61940122032362,87.99733528889881,97.24146715174845
jharkhand,S08,nfhs3s_total,85.98260532579692,80.68941043690722,91.27580021468663
jharkhand,S09,nfhs3s_total,76.83864647520137,72.4740807642803,81.20321218612243
jharkhand,S10,nfhs3s_total,64.48372783828204,55.83392751255762,73.13352816400645
jharkhand,S12,nfhs3s_total,2.291048328403492,1.3610589123766816,3.221037744430302
karnataka,S86,nfhs3s_total,36.917758061464404,33.202106747144555,40.633409375784254
karnataka,S88,nfhs3s_total,7.1100370023945425,5.1651600193061,9.054913985482985
karnataka,S14,nfhs3s_total,68.53991280292145,63.48408257556859,73.59574303027429
karnataka,S16,nfhs3s_total,15.248171948654408,11.902603410143398,18.593740487165416
karnataka,S20,nfhs3s_total,21.38516272073749,16.969839033666112,25.80048640780887
karnataka,S20_rev,nfhs3s_total,78.6148372792625,74.19951359219112,83.03016096633388
karnataka,S128,nfhs3s_total,48.33159373876425,42.94662097353996,53.71656650398853
karnataka,S130,nfhs3s_total,9.570574318273238,5.6928218538424415,13.448326782704035
karnataka,S15,nfhs3s_total,76.17994751242003,71.91226717612614,80.44762784871394
karnataka,S17,nfhs3s_total,21.80995509269484,17.328381836953984,26.291528348435694
karnataka,S87,nfhs3s_total,40.06273632350224,35.415168945486414,44.71030370151808
karnataka,S89,nfhs3s_total,4.795904548277494,3.1259864934107005,6.465822603144286
karnataka,S129,nfhs3s_total,77.42526524665692,73.3016003685742,81.54893012473966
karnataka,S131,nfhs3s_total,39.93827731662764,33.80154302821747,46.07501160503781
karnataka,S81,nfhs3s_total,35.71194270886429,31.724541902128557,39.69934351560003
karnataka,S82,nfhs3s_total,24.537466715092965,20.6331312463545,28.441802183831435
karnataka,S83,nfhs3s_total,14.294986382978205,10.699655120517528,17.890317645438884
karnataka,S84,nfhs3s_total,39.22188118315579,34.249535916049055,44.19422645026252
karnataka,S85,nfhs3s_total,2.123610046702877,0.34203377099661303,3.905186322409141
karnataka,S92,nfhs3s_total,62.81739213264993,57.259461811953535,68.37532245334631
karnataka,S07,nfhs3s_total,68.21117440638318,62.03616737652795,74.3861814362384
karnataka,S08,nfhs3s_total,73.67578513035214,65.63447238168281,81.71709787902147
karnataka,S09,nfhs3s_total,54.9129483451707,49.41674424659106,60.40915244375034
karnataka,S10,nfhs3s_total,17.70948194802393,12.072135077456977,23.346828818590883
karnataka,S12,nfhs3s_total,0.9541910603610285,0.35206917277515293,1.5563129479469042
kerala,S86,nfhs3s_total,35.783543356165104,34.341908443184884,37.22517826914532
kerala,S88,nfhs3s_total,9.098728138468742,8.00059918796382,10.196857088973662
kerala,S14,nfhs3s_total,44.84769055608277,42.149740473550246,47.545640638615296
kerala,S16,nfhs3s_total,18.31489880227877,15.996191623531663,20.63360598102587
kerala,S20,nfhs3s_total,17.4769863261412,15.599079561899465,19.354893090382934
kerala,S20_rev,nfhs3s_total,82.5230136738588,80.64510690961706,84.40092043810053
kerala,S128,nfhs3s_total,12.09091344244139,11.015338358247027,13.166488526635753
kerala,S130,nfhs3s_total,0.29348854269934893,0.16225513574584297,0.4247219496528549
kerala,S15,nfhs3s_total,75.95058209260881,74.08110788558868,77.82005629962893
kerala,S17,nfhs3s_total,32.52720234630855,30.055997596220006,34.99840709639709
kerala,S87,nfhs3s_total,37.853871846863754,36.21474875583571,39.492994937891794
kerala,S89,nfhs3s_total,7.656392691300755,6.590277750111497,8.722507632490013
kerala,S129,nfhs3s_total,64.92407141884773,63.22727176470938,66.62087107298608
kerala,S131,nfhs3s_total,25.398520215090826,23.738832640546512,27.058207789635137
kerala,S81,nfhs3s_total,56.752678769192144,54.988830420503035,58.51652711788125
kerala,S82,nfhs3s_total,15.052847837525253,13.763739697256872,16.34195597779363
kerala,S83,nfhs3s_total,32.26327000233275,30.551164684798355,33.97537531986715
kerala,S84,nfhs3s_total,42.44384289732194,40.612691640338525,44.27499415430536
kerala,S85,nfhs3s_total,1.1965174566693726,0.845721117152647,1.5473137961860985
kerala,S92,nfhs3s_total,73.9313311355632,72.22323657772642,75.63942569339999
kerala,S07,nfhs3s_total,44.22226272878342,40.095460555112,48.349064902454835
kerala,S08,nfhs3s_total,93.78865532068947,92.24443243254848,95.33287820883046
kerala,S09,nfhs3s_total,22.247816127656804,19.130158898404375,25.365473356909234
kerala,S10,nfhs3s_total,17.307284936293847,13.849819702506117,20.76475017008158
kerala,S12,nfhs3s_total,1.3451868784850431,0.9652796479364969,1.7250941090335894
madhya pradesh,S86,nfhs3s_total,18.910018915825997,17.041991234922236,20.77804659672976
madhya pradesh,S88,nfhs3s_total,29.746487284757254,27.250233313197214,32.242741256317295
madhya pradesh,S14,nfhs3s_total,68.71904116988468,65.00991011536584,72.42817222440351
madhya pradesh,S16,nfhs3s_total,38.372540960568955,34.31470998320179,42.430371937936116
madhya pradesh,S20,nfhs3s_total,31.067889243211606,27.913884443379615,34.22189404304359
madhya pradesh,S20_rev,nfhs3s_total,68.9321107567884,65.77810595695641,72.08611555662038
madhya pradesh,S128,nfhs3s_total,0.7793956276697114,0.3264850003295939,1.232306255009829
madhya pradesh,S130,nfhs3s_total,0.16954915398331472,0.04213796158215697,0.2969603463844725
madhya pradesh,S15,nfhs3s_total,82.24628301969223,79.2103795266058,85.28218651277865
madhya pradesh,S17,nfhs3s_total,40.71354059143865,36.29431300406264,45.132768178814665
madhya pradesh,S87,nfhs3s_total,19.68812621827112,17.014495053684005,22.361757382858233
madhya pradesh,S89,nfhs3s_total,22.882053142449575,19.78171323835628,25.982393046542867
madhya pradesh,S129,nfhs3s_total,33.460209203583005,29.314237030722612,37.606181376443395
madhya pradesh,S131,nfhs3s_total,43.79095747426605,40.453840965096234,47.12807398343587
madhya pradesh,S81,nfhs3s_total,36.55174860431674,32.79140414348055,40.31209306515293
madhya pradesh,S82,nfhs3s_total,9.478001778002728,7.334448698995796,11.621554857009661
madhya pradesh,S83,nfhs3s_total,17.34183740561489,14.578731851057858,20.10494296017192
madhya pradesh,S84,nfhs3s_total,24.755722210154076,21.62556615707133,27.88587826323682
madhya pradesh,S85,nfhs3s_total,1.5307471521544544,0.7396940776527394,2.32180022665617
madhya pradesh,S92,nfhs3s_total,66.36958222946798,63.302968282315994,69.43619617661997
madhya pradesh,S07,nfhs3s_total,96.70917258937023,95.5920288295481,97.82631634919235
madhya pradesh,S08,nfhs3s_total,99.66063074765282,99.30286287889551,100.01839861641015
madhya pradesh,S09,nfhs3s_total,54.45576500812995,49.68811152226715,59.22341849399275
madhya pradesh,S10,nfhs3s_total,40.44193568029826,33.65884407768165,47.225027282914866
madhya pradesh,S12,nfhs3s_total,6.887441111850107,4.195101844627574,9.57978037907264
maharashtra,S86,nfhs3s_total,11.08558565030478,9.151321591965875,13.019849708643688
maharashtra,S88,nfhs3s_total,15.36371456784654,13.340174167506158,17.387254968186923
maharashtra,S14,nfhs3s_total,72.3003846949595,68.67623750416155,75.92453188575747
maharashtra,S16,nfhs3s_total,22.541874079488235,17.646722504952507,27.437025654023962
maharashtra,S20,nfhs3s_total,19.317624028651924,14.843840961504979,23.79140709579887
maharashtra,S20_rev,nfhs3s_total,80.68237597134808,76.20859290420113,85.15615903849503
maharashtra,S128,nfhs3s_total,18.744297826800175,15.73624564797187,21.75235000562848
maharashtra,S130,nfhs3s_total,19.147903979361942,16.276800639212176,22.01900731951171
maharashtra,S15,nfhs3s_total,81.78239620196408,77.8362851819687,85.72850722195946
maharashtra,S17,nfhs3s_total,27.800696671226248,22.028741876489683,33.572651465962814
maharashtra,S87,nfhs3s_total,11.88929180235925,8.944040178199968,14.834543426518533
maharashtra,S89,nfhs3s_total,12.365821675470226,9.9959242294895585,14.735719121450893
maharashtra,S129,nfhs3s_total,62.51238637574216,58.97793192217355,66.04684082931075
maharashtra,S131,nfhs3s_total,46.15515357703358,42.496238109348134,49.81406904471903
maharashtra,S81,nfhs3s_total,38.19472472898065,32.79683763737218,43.592611820589134
maharashtra,S82,nfhs3s_total,9.661407963208038,6.2430355562414395,13.079780370174637
maharashtra,S83,nfhs3s_total,17.909029120981117,13.324909870153775,22.49314837180846
maharashtra,S84,nfhs3s_total,19.65617321284924,15.022858169606849,24.289488256091634
maharashtra,S85,nfhs3s_total,8.212265384377389,5.127736618500434,11.296794150254344
maharashtra,S92,nfhs3s_total,58.12021696412605,51.28058881573365,64.95984511251845
maharashtra,S07,nfhs3s_total,91.66217708642147,88.37977032538006,94.94458384746287
maharashtra,S08,nfhs3s_total,77.32324608630886,72.29438230361748,82.35210986900022
maharashtra,S09,nfhs3s_total,62.72672648660712,58.27503333894458,67.17841963426966
maharashtra,S10,nfhs3s_total,42.414809070701914,32.6726305313615,52.15698761004233
maharashtra,S12,nfhs3s_total,7.145810183772889,5.025499337606171,9.266121029939608
manipur,S86,nfhs3s_total,35.315291307665646,33.09959483431891,37.530987781012385
manipur,S88,nfhs3s_total,15.390799454363851,13.350183299362733,17.43141560936497
manipur,S14,nfhs3s_total,59.73442448735952,56.168961072486155,63.299887902232875
manipur,S16,nfhs3s_total,27.790435857737794,24.445385947944587,31.135485767531
manipur,S20,nfhs3s_total,20.667130443974933,18.12771032643724,23.206550561512625
manipur,S20_rev,nfhs3s_total,79.33286955602506,76.79344943848737,81.87228967356276
manipur,S128,nfhs3s_total,4.854461157020324,3.997593600469359,5.711328713571289
manipur,S130,nfhs3s_total,1.2160554562346895,0.7927093077389205,1.639401604730459
manipur,S15,nfhs3s_total,74.98755889240724,72.4027196320343,77.57239815278017
manipur,S17,nfhs3s_total,37.58822123098723,33.97582798020831,41.20061448176615
manipur,S87,nfhs3s_total,33.151641818580096,31.01518706908026,35.288096568079936
manipur,S89,nfhs3s_total,11.423050271229172,9.852098413939478,12.994002128518867
manipur,S129,nfhs3s_total,45.26006479094774,42.94190457774306,47.57822500415242
manipur,S131,nfhs3s_total,28.989063314351572,26.903606529492407,31.074520099210734
manipur,S81,nfhs3s_total,43.62786158479485,40.018022395946325,47.23770077364338
manipur,S82,nfhs3s_total,17.527585650909533,15.403362629574174,19.65180867224489
manipur,S83,nfhs3s_total,20.405683908781157,17.417531972082646,23.393835845479664
manipur,S84,nfhs3s_total,37.4586577387741,34.156162292902046,40.76115318464615
manipur,S85,nfhs3s_total,2.6576012493644243,1.853217760138122,3.4619847385907265
manipur,S92,nfhs3s_total,70.45930010553003,67.687687267142607,73.23091294391746
manipur,S07,nfhs3s_total,90.63240959454023,88.88247600831359,92.3823431807669
manipur,S08,nfhs3s_total,86.72526477030073,82.93008538668522,90.52044415391623
manipur,S09,nfhs3s_total,33.492190837867575,28.779996036844825,38.20438563889033
manipur,S10,nfhs3s_total,29.525860640101904,24.40716513608838,34.64455614411543
manipur,S12,nfhs3s_total,10.839042023003023,9.270880799600787,12.407203246405258
meghalaya,S86,nfhs3s_total,36.105017326272495,33.71971488681429,38.490319765730696
meghalaya,S88,nfhs3s_total,14.476370632362027,12.668777769201439,16.283963495522613
meghalaya,S14,nfhs3s_total,70.31489690104203,67.17493943321274,73.45485436887132
meghalaya,S16,nfhs3s_total,30.686213508836403,27.52360113011068,33.84882588756212
meghalaya,S20,nfhs3s_total,22.74865239066058,20.04289718437834,25.454407596942826
meghalaya,S20_rev,nfhs3s_total,77.25134760933942,74.54559240305717,79.95710281562167
meghalaya,S128,nfhs3s_total,10.546268764203514,8.48686051611505,12.605677012291979
meghalaya,S130,nfhs3s_total,0.35700425091279653,0.07216718596973586,0.6418413158558572
meghalaya,S15,nfhs3s_total,88.06331380926557,86.28881816677388,89.83780945175724
meghalaya,S17,nfhs3s_total,43.27476366295118,40.079340346358364,46.470186979543996
meghalaya,S87,nfhs3s_total,32.79299212095985,30.767584985036567,34.81839925688314
meghalaya,S89,nfhs3s_total,12.414866569805369,11.025356957364826,13.804376182245912
meghalaya,S129,nfhs3s_total,49.15929002807074,46.99268406067543,51.325895995466055
meghalaya,S131,nfhs3s_total,24.36847315241721,22.55006383696668,26.18688246786774
meghalaya,S81,nfhs3s_total,46.40722030224385,43.10729838608657,49.70714221840113
meghalaya,S82,nfhs3s_total,16.422890898489964,14.527041199458967,18.31874059752096
meghalaya,S83,nfhs3s_total,19.04239539272098,16.266796861673253,21.81799392376871
meghalaya,S84,nfhs3s_total,36.87502283858346,33.67730439579315,40.072741281373766
meghalaya,S85,nfhs3s_total,2.745440386461137,1.6636846230922344,3.8271961498300393
meghalaya,S92,nfhs3s_total,63.3629554086795,60.45922595087423,66.26668486648477
meghalaya,S07,nfhs3s_total,84.31191913141404,81.06812508120586,87.55571318162221
meghalaya,S08,nfhs3s_total,92.2624390194576,89.52321574744543,95.00166229146976
meghalaya,S09,nfhs3s_total,32.549866238935955,27.648334186930747,37.451398290941164
meghalaya,S10,nfhs3s_total,44.1290929060018,38.76842634294047,49.489759469063124
meghalaya,S12,nfhs3s_total,7.617509681766645,6.161214721532585,9.073804642000704
mizoram,S86,nfhs3s_total,17.907837672408615,16.219075223897523,19.59660012091971
mizoram,S88,nfhs3s_total,28.081659131886568,26.203302735097612,29.96001552867552
mizoram,S14,nfhs3s_total,92.95739372876972,91.44426612670824,94.4705213308312
mizoram,S16,nfhs3s_total,48.65433441494305,45.44158089929793,51.86708793058818
mizoram,S20,nfhs3s_total,35.171024884949546,30.91456286646732,39.42748690343176
mizoram,S20_rev,nfhs3s_total,64.82897511505044,60.57251309656822,69.08543713353266
mizoram,S128,nfhs3s_total,1.8274621441555152,1.081782487645786,2.573141800665244
mizoram,S130,nfhs3s_total,0.6722758155002987,0.35786172363960816,0.986689907360989
mizoram,S15,nfhs3s_total,95.0929601033069,93.63173345548476,96.55418675112904
mizoram,S17,nfhs3s_total,46.9525244192121,42.899731340307305,51.00531749811689
mizoram,S87,nfhs3s_total,21.031518220222644,18.553660292250537,23.509376148194754
mizoram,S89,nfhs3s_total,19.189146812122,16.668907483147443,21.70938614109656
mizoram,S129,nfhs3s_total,43.98765695438158,40.207797040890156,47.767516867873
mizoram,S131,nfhs3s_total,44.9468536667682,40.65410961116835,49.23959772236805
mizoram,S81,nfhs3s_total,24.901626695335384,21.696721734597375,28.106531656073397
mizoram,S82,nfhs3s_total,15.542900022715916,12.77772041849211,18.308079626939723
mizoram,S83,nfhs3s_total,6.3800110075862575,4.682391448570017,8.077630566602497
mizoram,S84,nfhs3s_total,22.853566872281366,19.598424989075152,26.10870875548758
mizoram,S85,nfhs3s_total,1.3374803542824487,0.6610041816027983,2.0139565269620996
mizoram,S92,nfhs3s_total,45.16234106814095,41.23541834300636,49.08926379327554
mizoram,S07,nfhs3s_total,91.7010928454711,89.91348280559156,93.48870288535063
mizoram,S08,nfhs3s_total,69.27097855599963,65.46791334561112,73.07404376638813
mizoram,S09,nfhs3s_total,91.58863795892536,89.90340986848018,93.27386604937055
mizoram,S10,nfhs3s_total,27.918769255690425,23.977129540533902,31.860408970846944
mizoram,S12,nfhs3s_total,9.068111909223571,7.482690282549983,10.653533535897159
nagaland,S86,nfhs3s_total,24.568941688467618,22.075425638456984,27.062457738478248
nagaland,S88,nfhs3s_total,16.785164799998764,14.344024555837242,19.226305044160284
nagaland,S14,nfhs3s_total,53.85182653551165,49.04579380465968,58.65785926636362
nagaland,S16,nfhs3s_total,26.537088866740792,22.10108610570565,30.973091627775933
nagaland,S20,nfhs3s_total,18.97770903263177,15.416194746166633,22.5392233190969
nagaland,S20_rev,nfhs3s_total,81.02229096736824,77.46077668090311,84.58380525383336
nagaland,S128,nfhs3s_total,5.309857236481149,3.858322310147316,6.761392162814984
nagaland,S130,nfhs3s_total,0,0,0
nagaland,S15,nfhs3s_total,78.03230867791638,74.59282707594672,81.47179027988604
nagaland,S17,nfhs3s_total,37.028724920827116,32.27565327217332,41.78179656948091
nagaland,S87,nfhs3s_total,27.231619831506944,23.843945659805506,30.619294003208374
nagaland,S89,nfhs3s_total,7.5810611300831425,5.379791988831897,9.782330271334388
nagaland,S129,nfhs3s_total,53.1807316913787,49.458472690259356,56.902990692498044
nagaland,S131,nfhs3s_total,12.615009743259586,8.844268699226399,16.385750787292775
nagaland,S81,nfhs3s_total,34.89305982526846,30.99968206598688,38.78643758455003
nagaland,S82,nfhs3s_total,15.06498594221409,12.755062151165511,17.37490973326267
nagaland,S83,nfhs3s_total,14.681329887438753,12.069627723523121,17.293032051354388
nagaland,S84,nfhs3s_total,25.602346425292783,22.281798377064277,28.92289447352129
nagaland,S85,nfhs3s_total,2.3361334761076806,1.3088187005439396,3.363448251671422
nagaland,S92,nfhs3s_total,57.98130458159162,53.52820310135027,62.43440606183297
nagaland,S07,nfhs3s_total,93.53001728269213,90.73090742285098,96.32912714253328
nagaland,S08,nfhs3s_total,80.49982348854566,75.23273866966177,85.76690830742956
nagaland,S09,nfhs3s_total,24.75672976906429,19.679859762385963,29.83359977574262
nagaland,S10,nfhs3s_total,38.41480662740302,31.118608690459837,45.711004564346204
nagaland,S12,nfhs3s_total,5.497998212686197,3.862954950356616,7.133041475015778
orissa,S86,nfhs3s_total,17.32071375034871,15.587114448267217,19.054313052430203
orissa,S88,nfhs3s_total,6.44110209217388,5.2878853550456135,7.594318829302146
orissa,S14,nfhs3s_total,75.157334690912,71.79122599254632,78.52344338927767
orissa,S16,nfhs3s_total,21.465894410690755,18.628154648831522,24.30363417254999
orissa,S20,nfhs3s_total,16.853514360486134,14.020021328366598,19.68700739260567
orissa,S20_rev,nfhs3s_total,83.14648563951386,80.31299260739432,85.97997867163339
orissa,S128,nfhs3s_total,28.052778245054057,24.83146271040572,31.27409377970239
orissa,S130,nfhs3s_total,3.4863179437232272,2.4432510607962845,4.52938482665017
orissa,S15,nfhs3s_total,82.94876556631645,80.17446550857345,85.72306562405946
orissa,S17,nfhs3s_total,28.449478015412407,25.26760803098104,31.63134799984377
orissa,S87,nfhs3s_total,14.157951955292129,12.49143611084378,15.824467799740477
orissa,S89,nfhs3s_total,5.87536547577606,4.648676058952559,7.10205489259956
orissa,S129,nfhs3s_total,67.45481148568267,64.86909315102093,70.04052982034439
orissa,S131,nfhs3s_total,37.70857864821387,35.16912531711409,40.24803197931365
orissa,S81,nfhs3s_total,38.89138401886989,35.57003785909299,42.2127301786468
orissa,S82,nfhs3s_total,13.368394544977722,11.029049115225176,15.707739974730266
orissa,S83,nfhs3s_total,19.250037295080254,16.668305122886725,21.831769467273784
orissa,S84,nfhs3s_total,25.121511711182677,22.200473033107528,28.042550389257826
orissa,S85,nfhs3s_total,4.792570062362745,3.5939460933970073,5.991194031328482
orissa,S92,nfhs3s_total,NaN,NaN,NaN
orissa,S07,nfhs3s_total,81.63717084807384,76.89819191546472,86.37614978068295
orissa,S08,nfhs3s_total,61.099894317815775,55.71010606557808,66.48968257005346
orissa,S09,nfhs3s_total,49.73185635039288,45.69506680304783,53.76864589773793
orissa,S10,nfhs3s_total,22.419250491478785,18.40392367611297,26.4345773068446
orissa,S12,nfhs3s_total,1.5842572467932265,1.1545108101799761,2.014003683406477
punjab,S86,nfhs3s_total,36.77855013250382,33.27184227266024,40.285257992347404
punjab,S88,nfhs3s_total,7.584119707622429,5.998606416586651,9.169632998658207
punjab,S14,nfhs3s_total,62.96968866207685,57.65275078678699,68.28662653736671
punjab,S16,nfhs3s_total,19.33486897897363,15.601570872272141,23.068167085675125
punjab,S20,nfhs3s_total,17.687741761352516,14.240565032545693,21.134918490159336
punjab,S20_rev,nfhs3s_total,82.31225823864747,78.86508150984065,85.7594349674543
punjab,S128,nfhs3s_total,23.22631268533077,20.51019439014877,25.942430980512775
punjab,S130,nfhs3s_total,7.52217963486704,4.71960463554701,10.324754634187073
punjab,S15,nfhs3s_total,76.00330747763374,71.24205718905644,80.76455776621104
punjab,S17,nfhs3s_total,28.996360650457614,24.404977610531482,33.587743690383746
punjab,S87,nfhs3s_total,35.24443508910874,31.6661650797811,38.82270509843639
punjab,S89,nfhs3s_total,4.990000685822098,3.4514757475872986,6.528525624056898
punjab,S129,nfhs3s_total,72.690235731703,69.58356391749814,75.79690754590787
punjab,S131,nfhs3s_total,37.700733402734734,32.22051143743802,43.180955368031455
punjab,S81,nfhs3s_total,46.514028467699006,42.23382910486702,50.79422783053098
punjab,S82,nfhs3s_total,13.816508856953897,11.557177347729825,16.075840366177967
punjab,S83,nfhs3s_total,21.152932199360546,18.32530299290891,23.980561405812185
punjab,S84,nfhs3s_total,36.3816534409797,32.16807280726642,40.59523407469297
punjab,S85,nfhs3s_total,1.2497581937779743,0.5620354968648339,1.9374808906911143
punjab,S92,nfhs3s_total,68.90582435546997,65.2076516904738,72.60399702046615
punjab,S07,nfhs3s_total,36.48931374439284,29.43188438883525,43.546743099950426
punjab,S08,nfhs3s_total,72.23545854064088,65.07449401200208,79.39642306927966
punjab,S09,nfhs3s_total,31.834928667619167,26.20428936828702,37.46556796695131
punjab,S10,nfhs3s_total,22.687132083177776,16.85594838874302,28.51831577761253
punjab,S12,nfhs3s_total,2.37792516766844,1.5994758914108085,3.156374443926071
rajasthan,S86,nfhs3s_total,36.226289673711754,33.03896663563898,39.41361271178453
rajasthan,S88,nfhs3s_total,16.65097014979759,14.038271496899087,19.263668802696095
rajasthan,S14,nfhs3s_total,63.80610903354518,59.22696266895049,68.38525539813986
rajasthan,S16,nfhs3s_total,23.501183178134582,19.015358510679146,27.98700784559002
rajasthan,S20,nfhs3s_total,27.1117297255625,23.56536335951473,30.658096091610272
rajasthan,S20_rev,nfhs3s_total,72.88827027443749,69.34190390838972,76.43463664048527
rajasthan,S128,nfhs3s_total,8.516123577415872,6.949560761572806,10.082686393258939
rajasthan,S130,nfhs3s_total,0.8006680565261638,0.31280660836925595,1.2885295046830718
rajasthan,S15,nfhs3s_total,82.45425941584014,79.37542259634175,85.53309623533852
rajasthan,S17,nfhs3s_total,32.50035297632453,27.71625334263635,37.2844526100127
rajasthan,S87,nfhs3s_total,35.35164007958034,32.21192413954758,38.49135601961311
rajasthan,S89,nfhs3s_total,12.350517587241878,9.932228273654264,14.768806900829492
rajasthan,S129,nfhs3s_total,59.99603861203527,56.348372116852495,63.643705107218054
rajasthan,S131,nfhs3s_total,15.566350749671665,12.518748930792189,18.61395256855114
rajasthan,S81,nfhs3s_total,51.393047210859386,47.87986898414098,54.9062254375778
rajasthan,S82,nfhs3s_total,18.698704656743878,16.688626292331787,20.70878302115597
rajasthan,S83,nfhs3s_total,25.108740328519858,22.214461266184955,28.003019390854757
rajasthan,S84,nfhs3s_total,44.24605688038062,40.64777905821382,47.84433470254743
rajasthan,S85,nfhs3s_total,1.148859803033783,0.5521993138749655,1.7455202921926007
rajasthan,S92,nfhs3s_total,69.91583502692504,66.75930251777518,73.07236753607488
rajasthan,S07,nfhs3s_total,90.02674007066159,87.14974741195587,92.90373272936729
rajasthan,S08,nfhs3s_total,90.05165015238569,85.84677714804928,94.25652315672208
rajasthan,S09,nfhs3s_total,44.1409556028264,37.66053926713407,50.621371938518735
rajasthan,S10,nfhs3s_total,40.09675811714254,33.34641359712911,46.847102637155984
rajasthan,S12,nfhs3s_total,10.677148701460066,8.13261092488874,13.22168647803139
sikkim,S86,nfhs3s_total,31.305067979219093,28.277603598041544,34.33253236039664
sikkim,S88,nfhs3s_total,17.31651561902753,14.436765553721962,20.1962656843331
sikkim,S14,nfhs3s_total,60.418308298631906,56.19505868518166,64.64155791208216
sikkim,S16,nfhs3s_total,29.610558028893973,25.01969824024834,34.20141781753961
sikkim,S20,nfhs3s_total,30.093539856293727,25.901981210228637,34.28509850235882
sikkim,S20_rev,nfhs3s_total,69.90646014370627,65.71490149764118,74.09801878977137
sikkim,S128,nfhs3s_total,3.3363128502645703,2.4564009246692247,4.216224775859915
sikkim,S130,nfhs3s_total,0.0748024375589003,-0.028435334052216297,0.1780402091700169
sikkim,S15,nfhs3s_total,82.90550198159687,79.46486529011617,86.34613867307758
sikkim,S17,nfhs3s_total,43.3175538507425,38.662758611588764,47.97234908989623
sikkim,S87,nfhs3s_total,30.56220337017612,26.63169558555758,34.49271115479466
sikkim,S89,nfhs3s_total,11.268182109403595,8.42830166002691,14.10806255878028
sikkim,S129,nfhs3s_total,47.25517332750823,43.58882888762612,50.921517767390334
sikkim,S131,nfhs3s_total,28.82002606520362,25.47064343351801,32.16940869688923
sikkim,S81,nfhs3s_total,45.23313026717317,41.25811133747113,49.20814919687522
sikkim,S82,nfhs3s_total,18.94876078004215,15.999814584716407,21.897706975367896
sikkim,S83,nfhs3s_total,19.258991249978006,16.482973642594903,22.035008857361106
sikkim,S84,nfhs3s_total,39.406804869685494,35.65984946151395,43.15376027785703
sikkim,S85,nfhs3s_total,1.4038793891426575,0.6683962110565647,2.1393625672287504
sikkim,S92,nfhs3s_total,72.53912115119591,69.20826061852408,75.86998168386776
sikkim,S07,nfhs3s_total,91.49372734010363,88.82095972125865,94.1664949589486
sikkim,S08,nfhs3s_total,97.54210736176901,95.92976478652994,99.15444993700808
sikkim,S09,nfhs3s_total,41.162221534986365,35.31690952019383,47.0075335497789
sikkim,S10,nfhs3s_total,30.010650165806634,22.993287598420522,37.02801273319275
sikkim,S12,nfhs3s_total,6.812886814683217,4.109909125509752,9.515864503856681
tamil nadu,S86,nfhs3s_total,39.13411923326945,36.3864049440545,41.88183352248441
tamil nadu,S88,nfhs3s_total,11.312798993650551,9.37944947657066,13.246148510730443
tamil nadu,S14,nfhs3s_total,58.793094823720395,55.39144946593789,62.194740181502894
tamil nadu,S16,nfhs3s_total,15.661163588543674,12.833327844141246,18.488999332946104
tamil nadu,S20,nfhs3s_total,16.249817543496054,13.908222661972175,18.591412425019932
tamil nadu,S20_rev,nfhs3s_total,83.75018245650395,81.40858757498007,86.09177733802782
tamil nadu,S128,nfhs3s_total,15.604836369776109,13.250986156235223,17.958686583316997
tamil nadu,S130,nfhs3s_total,1.7133559333184354,0.8690621956031186,2.557649671033752
tamil nadu,S15,nfhs3s_total,73.5518363075768,70.36644356851792,76.73722904663568
tamil nadu,S17,nfhs3s_total,26.412502468331628,22.933262783770502,29.891742152892753
tamil nadu,S87,nfhs3s_total,34.681650023736026,31.43143979468515,37.931860252786905
tamil nadu,S89,nfhs3s_total,5.761592533628528,4.332105542397763,7.191079524859294
tamil nadu,S129,nfhs3s_total,70.93321458795734,68.13172095298363,73.73470822293106
tamil nadu,S131,nfhs3s_total,33.45367511490934,29.823869853182995,37.08348037663568
tamil nadu,S81,nfhs3s_total,44.57977482322141,41.29503537754862,47.864514268894204
tamil nadu,S82,nfhs3s_total,16.805483259213304,14.588661081941822,19.022305436484782
tamil nadu,S83,nfhs3s_total,17.763821067195796,15.45037538925263,20.07726674513896
tamil nadu,S84,nfhs3s_total,38.965141977070395,35.680163361213225,42.250120592927566
tamil nadu,S85,nfhs3s_total,1.8176642154284959,1.0948946398630057,2.540433790993986
tamil nadu,S92,nfhs3s_total,60.92095878942073,57.46974635956944,64.37217121927202
tamil nadu,S07,nfhs3s_total,51.94866358884305,46.373726836950354,57.52360034073574
tamil nadu,S08,nfhs3s_total,93.64302133999713,90.28316655209792,97.00287612789634
tamil nadu,S09,nfhs3s_total,35.403441553124566,31.171138437957502,39.63574466829163
tamil nadu,S10,nfhs3s_total,16.86082964922366,12.665763410593609,21.055895887853712
tamil nadu,S12,nfhs3s_total,6.114326188989015,3.9442618343179676,8.284390543660063
tripura,S86,nfhs3s_total,14.13147375732918,10.495423627163673,17.767523887494686
tripura,S88,nfhs3s_total,5.412022948161287,4.17015761014732,6.6538882861752535
tripura,S14,nfhs3s_total,69.45166111904338,63.254786883725636,75.64853535436113
tripura,S16,nfhs3s_total,22.845531086233105,17.19271627228834,28.498345900177867
tripura,S20,nfhs3s_total,21.243990189217595,16.66269416051862,25.825286217916567
tripura,S20_rev,nfhs3s_total,78.7560098107824,74.17471378208343,83.33730583948137
tripura,S128,nfhs3s_total,31.89296578302063,27.71232397926392,36.07360758677734
tripura,S130,nfhs3s_total,3.8378847273322636,2.3469244320478113,5.328845022616716
tripura,S15,nfhs3s_total,72.01939168677363,65.32977973885258,78.7090036346947
tripura,S17,nfhs3s_total,24.050681006918055,17.817384593452815,30.28397742038329
tripura,S87,nfhs3s_total,13.861445277458326,10.343478656896274,17.37941189802038
tripura,S89,nfhs3s_total,6.9491268653129,3.8534893480040044,10.044764382621796
tripura,S129,nfhs3s_total,70.02821104533135,65.2994071601703,74.75701493049239
tripura,S131,nfhs3s_total,49.57067167109274,44.341278102912675,54.8000652392728
tripura,S81,nfhs3s_total,55.21121483038274,49.49599828223733,60.92643137852814
tripura,S82,nfhs3s_total,30.78325647082331,24.84881992456071,36.717693017085914
tripura,S83,nfhs3s_total,29.90948104391673,25.45191924445078,34.36704284338268
tripura,S84,nfhs3s_total,48.84649601851061,43.28898376476459,54.40400827225662
tripura,S85,nfhs3s_total,2.599321048836549,1.2232089419416723,3.9754331557314253
tripura,S92,nfhs3s_total,63.852253205223086,59.61225062143265,68.09225578901352
tripura,S07,nfhs3s_total,70.7076755161634,62.39365031292491,79.0217007194019
tripura,S08,nfhs3s_total,62.84185507893495,53.492726691408585,72.19098346646132
tripura,S09,nfhs3s_total,40.17808530319501,34.39555940101966,45.96061120537036
tripura,S10,nfhs3s_total,21.04933706187747,13.453842219106981,28.644831904647955
tripura,S12,nfhs3s_total,0.7173299130253858,0.1426493985663674,1.2920104274844042
uttar pradesh,S86,nfhs3s_total,27.831023262760336,25.322776565687615,30.339269959833054
uttar pradesh,S88,nfhs3s_total,20.082937151021785,17.895145742545797,22.270728559497773
uttar pradesh,S14,nfhs3s_total,83.59686857985395,80.91834105612298,86.27539610358491
uttar pradesh,S16,nfhs3s_total,48.933610840456254,44.33024220986077,53.53697947105174
uttar pradesh,S20,nfhs3s_total,16.560442185101458,13.311597675308375,19.80928669489454
uttar pradesh,S20_rev,nfhs3s_total,83.43955781489855,80.19071330510546,86.68840232469162
uttar pradesh,S128,nfhs3s_total,4.657853184565207,3.3665334345663718,5.949172934564042
uttar pradesh,S130,nfhs3s_total,2.0854167716571155,1.427144588769137,2.743688954545094
uttar pradesh,S15,nfhs3s_total,90.52385194833356,88.1750165270311,92.87268736963601
uttar pradesh,S17,nfhs3s_total,49.54583055574839,44.829547016941326,54.26211409455545
uttar pradesh,S87,nfhs3s_total,23.975465785427154,21.089985548897257,26.860946021957055
uttar pradesh,S89,nfhs3s_total,16.61424361824599,13.92528098424917,19.30320625224281
uttar pradesh,S129,nfhs3s_total,27.645113157786533,24.196385170547714,31.09384114502535
uttar pradesh,S131,nfhs3s_total,41.46224579567782,37.61639853074468,45.30809306061096
uttar pradesh,S81,nfhs3s_total,25.351493329804107,21.578031139736304,29.124955519871914
uttar pradesh,S82,nfhs3s_total,14.043889267737544,11.438012891405887,16.649765644069202
uttar pradesh,S83,nfhs3s_total,10.342580828734011,7.869878701426347,12.815282956041676
uttar pradesh,S84,nfhs3s_total,25.058291479592608,21.280244768972846,28.836338190212373
uttar pradesh,S85,nfhs3s_total,4.157400205999201,2.3878405798338793,5.926959832164523
uttar pradesh,S92,nfhs3s_total,37.84007204174017,33.510156006673526,42.169988076806824
uttar pradesh,S07,nfhs3s_total,96.9922300712544,95.84300535405428,98.14145478845452
uttar pradesh,S08,nfhs3s_total,80.19693689848629,75.53602970115907,84.85784409581349
uttar pradesh,S09,nfhs3s_total,63.26052992423266,58.63619967804855,67.88486017041676
uttar pradesh,S10,nfhs3s_total,61.54431506510151,55.79809583695982,67.2905342932432
uttar pradesh,S12,nfhs3s_total,11.781269176895986,9.570646687249539,13.991891666542433
uttaranchal,S86,nfhs3s_total,44.63619890322615,42.12996294902134,47.142434857430956
uttaranchal,S88,nfhs3s_total,4.577927639874172,3.563170007538315,5.59268527221003
uttaranchal,S14,nfhs3s_total,36.982278528358755,33.11308816947336,40.851468887244145
uttaranchal,S16,nfhs3s_total,13.244353614629828,10.567450415112203,15.921256814147453
uttaranchal,S20,nfhs3s_total,15.293452868205062,12.016586667356123,18.570319069054005
uttaranchal,S20_rev,nfhs3s_total,84.70654713179492,81.42968093094598,87.98341333264386
uttaranchal,S128,nfhs3s_total,8.039291019089555,6.359804004219225,9.718778033959884
uttaranchal,S130,nfhs3s_total,0.9747956847581775,0.44523832182139467,1.50435304769496
uttaranchal,S15,nfhs3s_total,69.73282822523508,65.43827307276324,74.02738337770694
uttaranchal,S17,nfhs3s_total,34.063635940061765,29.25893712464796,38.86833475547557
uttaranchal,S87,nfhs3s_total,35.05053133393227,31.665793268117078,38.43526939974747
uttaranchal,S89,nfhs3s_total,6.343708559502424,4.588306889310859,8.09911022969399
uttaranchal,S129,nfhs3s_total,67.92050807064358,64.73361908443474,71.10739705685243
uttaranchal,S131,nfhs3s_total,34.72234623922525,30.577186542359048,38.86750593609146
uttaranchal,S81,nfhs3s_total,55.234670342107115,51.93124727822634,58.5380934059879
uttaranchal,S82,nfhs3s_total,27.259920351929047,24.978979198565593,29.540861505292497
uttaranchal,S83,nfhs3s_total,28.836173119638048,26.102472051667192,31.569874187608903
uttaranchal,S84,nfhs3s_total,55.58881370013653,52.40807798719288,58.76954941308018
uttaranchal,S85,nfhs3s_total,0.2735582158513806,0.05779261737106872,0.48932381433169253
uttaranchal,S92,nfhs3s_total,77.85748388181999,75.1638400968848,80.55112766675518
uttaranchal,S07,nfhs3s_total,28.815172747639988,23.259525778358043,34.370819716921936
uttaranchal,S08,nfhs3s_total,96.30658290138572,94.6860719495288,97.92709385324267
uttaranchal,S09,nfhs3s_total,16.569916634588104,13.244163015432012,19.8956702537442
uttaranchal,S10,nfhs3s_total,9.900209875881563,6.535134716933803,13.265285034829322
uttaranchal,S12,nfhs3s_total,0.9892598088664568,0.5586117011511134,1.4199079165818
west bengal,S86,nfhs3s_total,41.48199862885112,38.99807414408273,43.96592311361952
west bengal,S88,nfhs3s_total,7.494140749276309,5.691484127481332,9.296797371071287
west bengal,S14,nfhs3s_total,44.43200386105998,39.9641273397018,48.89988038241817
west bengal,S16,nfhs3s_total,13.964313956806858,10.654029111397387,17.27459880221633
west bengal,S20,nfhs3s_total,20.149199311746226,16.928785047050415,23.36961357644204
west bengal,S20_rev,nfhs3s_total,79.85080068825377,76.63038642355795,83.07121495294957
west bengal,S128,nfhs3s_total,15.994510505841466,12.969719171001943,19.019301840680992
west bengal,S130,nfhs3s_total,2.094310197465615,0.9967476354752199,3.19187275945601
west bengal,S15,nfhs3s_total,72.45584535943136,68.45934632212486,76.45234439673789
west bengal,S17,nfhs3s_total,26.901777163688976,22.188320859066003,31.615233468311953
west bengal,S87,nfhs3s_total,41.180093189730606,37.888310446897336,44.47187593256387
west bengal,S89,nfhs3s_total,4.589129002481698,3.2446183496101817,5.933639655353215
west bengal,S129,nfhs3s_total,69.04935303255898,65.97856884345222,72.12013722166574
west bengal,S131,nfhs3s_total,31.259480312351627,27.678551023630384,34.84040960107288
west bengal,S81,nfhs3s_total,49.3684748978592,46.66698335550793,52.06996644021047
west bengal,S82,nfhs3s_total,35.55736839092115,33.13848001673721,37.976256765105084
west bengal,S83,nfhs3s_total,26.152522767052066,23.791178230380332,28.5138673037238
west bengal,S84,nfhs3s_total,59.58230895558958,56.803187086821396,62.36143082435777
west bengal,S85,nfhs3s_total,1.1669732462710536,0.692234735408463,1.6417117571336446
west bengal,S92,nfhs3s_total,73.40831666772635,70.78685650775547,76.02977682769723
west bengal,S07,nfhs3s_total,73.10517786610866,68.16568191603383,78.04467381618349
west bengal,S08,nfhs3s_total,75.2009033425731,70.09281588452177,80.30899080062443
west bengal,S09,nfhs3s_total,19.374112653678115,14.912650101195812,23.835575206160414
west bengal,S10,nfhs3s_total,18.335397662619425,13.409804442783061,23.260990882455786
west bengal,S12,nfhs3s_total,4.806153283744654,2.775152407674485,6.8371541598148236
